item_name,cost,gold_efficiency,effective_value,item_url,ability_haste,health,magic_resistance,armor,ability_power,mana,base_mana_regeneration,heal_and_shield_power,attack_damage,attack_speed,movement_speed,per_10_seconds,life_steal,magic_penetration,critical_strike_chance,slow_resist,omnivamp,base_health_regeneration,health_on-hit,health_per_5_seconds,omnivamp_against_monsters,armor_penetration,tenacity
abyssal_mask,2700,74.32,2006.64,https://leagueoflegends.fandom.com/wiki/Abyssal_Mask,10.0,450.0,30.0,0.0,0.0,0.0,0.0,0.0,0.0,0.0,0.0,0.0,0.0,0.0,0.0,0.0,0.0,0.0,0.0,0.0,0.0,0.0,0.0
aegis_of_the_legion,1400,100.48,1406.72,https://leagueoflegends.fandom.com/wiki/Aegis_of_the_Legion,10.0,0.0,30.0,30.0,0.0,0.0,0.0,0.0,0.0,0.0,0.0,0.0,0.0,0.0,0.0,0.0,0.0,0.0,0.0,0.0,0.0,0.0,0.0
aether_wisp,850,76.76,652.46,https://leagueoflegends.fandom.com/wiki/Aether_Wisp,0.0,0.0,0.0,0.0,30.0,0.0,0.0,0.0,0.0,0.0,0.0,0.0,0.0,0.0,0.0,0.0,0.0,0.0,0.0,0.0,0.0,0.0,0.0
amplifying_tome,435,100.0,435.0,https://leagueoflegends.fandom.com/wiki/Amplifying_Tome,0.0,0.0,0.0,0.0,20.0,0.0,0.0,0.0,0.0,0.0,0.0,0.0,0.0,0.0,0.0,0.0,0.0,0.0,0.0,0.0,0.0,0.0,0.0
anathemas_chains,2500,90.67,2266.75,https://leagueoflegends.fandom.com/wiki/Anathema's_Chains,0.0,0.0,0.0,0.0,0.0,0.0,0.0,0.0,0.0,0.0,0.0,0.0,0.0,0.0,0.0,0.0,0.0,0.0,0.0,0.0,0.0,0.0,0.0
archangels_staff,2600,97.63,2538.38,https://leagueoflegends.fandom.com/wiki/Archangel's_Staff,0.0,200.0,0.0,0.0,60.0,500.0,0.0,0.0,0.0,0.0,0.0,0.0,0.0,0.0,0.0,0.0,0.0,0.0,0.0,0.0,0.0,0.0,0.0
ardent_censer,2300,102.39,2354.97,https://leagueoflegends.fandom.com/wiki/Ardent_Censer,0.0,0.0,0.0,0.0,60.0,0.0,100.0,10.0,0.0,0.0,0.0,0.0,0.0,0.0,0.0,0.0,0.0,0.0,0.0,0.0,0.0,0.0,0.0
axiom_arc,3000,96.87,2906.1,https://leagueoflegends.fandom.com/wiki/Axiom_Arc,25.0,0.0,0.0,0.0,0.0,0.0,0.0,0.0,55.0,0.0,0.0,0.0,0.0,0.0,0.0,0.0,0.0,0.0,0.0,0.0,0.0,0.0,0.0
b_f_sword,1300,107.69,1399.97,https://leagueoflegends.fandom.com/wiki/B._F._Sword,0.0,0.0,0.0,0.0,0.0,0.0,0.0,0.0,40.0,0.0,0.0,0.0,0.0,0.0,0.0,0.0,0.0,0.0,0.0,0.0,0.0,0.0,0.0
bamis_cinder,1100,72.73,800.03,https://leagueoflegends.fandom.com/wiki/Bami's_Cinder,0.0,300.0,0.0,0.0,0.0,0.0,0.0,0.0,0.0,0.0,0.0,0.0,0.0,0.0,0.0,0.0,0.0,0.0,0.0,0.0,0.0,0.0,0.0
bandleglass_mirror,950,100.18,951.71,https://leagueoflegends.fandom.com/wiki/Bandleglass_Mirror,10.0,0.0,0.0,0.0,20.0,0.0,50.0,0.0,0.0,0.0,0.0,0.0,0.0,0.0,0.0,0.0,0.0,0.0,0.0,0.0,0.0,0.0,0.0
banshees_veil,2600,108.33,2816.58,https://leagueoflegends.fandom.com/wiki/Banshee's_Veil,10.0,0.0,45.0,0.0,80.0,0.0,0.0,0.0,0.0,0.0,0.0,0.0,0.0,0.0,0.0,0.0,0.0,0.0,0.0,0.0,0.0,0.0,0.0
berserkers_greaves,1100,128.64,1415.04,https://leagueoflegends.fandom.com/wiki/Berserker's_Greaves,0.0,0.0,0.0,0.0,0.0,0.0,0.0,0.0,0.0,35.0,45.0,0.0,0.0,0.0,0.0,0.0,0.0,0.0,0.0,0.0,0.0,0.0,0.0
black_cleaver,3100,106.72,3308.32,https://leagueoflegends.fandom.com/wiki/Black_Cleaver,30.0,350.0,0.0,0.0,0.0,0.0,0.0,0.0,45.0,0.0,0.0,0.0,0.0,0.0,0.0,0.0,0.0,0.0,0.0,0.0,0.0,0.0,0.0
black_mist_scythe,400,350.0,1400.0,https://leagueoflegends.fandom.com/wiki/Black_Mist_Scythe,0.0,75.0,0.0,0.0,0.0,0.0,100.0,0.0,20.0,0.0,0.0,3.0,0.0,0.0,0.0,0.0,0.0,0.0,0.0,0.0,0.0,0.0,0.0
blade_of_the_ruined_king,3300,72.73,2400.09,https://leagueoflegends.fandom.com/wiki/Blade_of_the_Ruined_King,0.0,0.0,0.0,0.0,0.0,0.0,0.0,0.0,40.0,25.0,0.0,0.0,10.0,0.0,0.0,0.0,0.0,0.0,0.0,0.0,0.0,0.0,0.0
blasting_wand,850,102.35,869.98,https://leagueoflegends.fandom.com/wiki/Blasting_Wand,0.0,0.0,0.0,0.0,40.0,0.0,0.0,0.0,0.0,0.0,0.0,0.0,0.0,0.0,0.0,0.0,0.0,0.0,0.0,0.0,0.0,0.0,0.0
blighting_jewel,1250,100.0,1250.0,https://leagueoflegends.fandom.com/wiki/Blighting_Jewel,0.0,0.0,0.0,0.0,25.0,0.0,0.0,0.0,0.0,0.0,0.0,0.0,0.0,15.0,0.0,0.0,0.0,0.0,0.0,0.0,0.0,0.0,0.0
bloodthirster,3400,102.21,3475.14,https://leagueoflegends.fandom.com/wiki/Bloodthirster,0.0,0.0,0.0,0.0,0.0,0.0,0.0,0.0,55.0,0.0,0.0,0.0,20.0,0.0,20.0,0.0,0.0,0.0,0.0,0.0,0.0,0.0,0.0
bloodward,3400,125.74,4275.16,https://leagueoflegends.fandom.com/wiki/Bloodward,0.0,0.0,0.0,0.0,0.0,0.0,0.0,0.0,50.0,20.0,0.0,0.0,10.0,0.0,20.0,0.0,0.0,0.0,0.0,0.0,0.0,0.0,0.0
boots,300,100.0,300.0,https://leagueoflegends.fandom.com/wiki/Boots,0.0,0.0,0.0,0.0,0.0,0.0,0.0,0.0,0.0,0.0,25.0,0.0,0.0,0.0,0.0,0.0,0.0,0.0,0.0,0.0,0.0,0.0,0.0
boots_of_swiftness,900,80.0,720.0,https://leagueoflegends.fandom.com/wiki/Boots_of_Swiftness,0.0,0.0,0.0,0.0,0.0,0.0,0.0,0.0,0.0,0.0,60.0,0.0,0.0,0.0,0.0,25.0,0.0,0.0,0.0,0.0,0.0,0.0,0.0
bramble_vest,800,75.0,600.0,https://leagueoflegends.fandom.com/wiki/Bramble_Vest,0.0,0.0,0.0,30.0,0.0,0.0,0.0,0.0,0.0,0.0,0.0,0.0,0.0,0.0,0.0,0.0,0.0,0.0,0.0,0.0,0.0,0.0,0.0
broken_stopwatch,650,0.0,0.0,https://leagueoflegends.fandom.com/wiki/Broken_Stopwatch,0.0,0.0,0.0,0.0,0.0,0.0,0.0,0.0,0.0,0.0,0.0,0.0,0.0,0.0,0.0,0.0,0.0,0.0,0.0,0.0,0.0,0.0,0.0
bulwark_of_the_mountain,400,350.42,1401.68,https://leagueoflegends.fandom.com/wiki/Bulwark_of_the_Mountain,0.0,250.0,0.0,0.0,20.0,0.0,0.0,0.0,0.0,0.0,0.0,0.0,0.0,0.0,0.0,0.0,0.0,0.0,0.0,0.0,0.0,0.0,0.0
caesura,2800,151.52,4242.56,https://leagueoflegends.fandom.com/wiki/Caesura,20.0,250.0,0.0,0.0,60.0,600.0,0.0,0.0,0.0,0.0,0.0,0.0,0.0,0.0,0.0,0.0,0.0,0.0,0.0,0.0,0.0,0.0,0.0
caulfields_warhammer,1100,103.79,1141.69,https://leagueoflegends.fandom.com/wiki/Caulfield's_Warhammer,10.0,0.0,0.0,0.0,0.0,0.0,0.0,0.0,25.0,0.0,0.0,0.0,0.0,0.0,0.0,0.0,0.0,0.0,0.0,0.0,0.0,0.0,0.0
ceaseless_hunger,3300,148.84,4911.72,https://leagueoflegends.fandom.com/wiki/Ceaseless_Hunger,20.0,300.0,0.0,0.0,0.0,0.0,0.0,0.0,55.0,0.0,0.0,0.0,0.0,0.0,0.0,0.0,10.0,0.0,0.0,0.0,0.0,0.0,0.0
chain_vest,800,100.0,800.0,https://leagueoflegends.fandom.com/wiki/Chain_Vest,0.0,0.0,0.0,40.0,0.0,0.0,0.0,0.0,0.0,0.0,0.0,0.0,0.0,0.0,0.0,0.0,0.0,0.0,0.0,0.0,0.0,0.0,0.0
chempunk_chainsword,2600,101.6,2641.6,https://leagueoflegends.fandom.com/wiki/Chempunk_Chainsword,15.0,250.0,0.0,0.0,0.0,0.0,0.0,0.0,45.0,0.0,0.0,0.0,0.0,0.0,0.0,0.0,0.0,0.0,0.0,0.0,0.0,0.0,0.0
chemtech_putrifier,2300,96.94,2229.62,https://leagueoflegends.fandom.com/wiki/Chemtech_Putrifier,20.0,0.0,0.0,0.0,55.0,0.0,100.0,0.0,0.0,0.0,0.0,0.0,0.0,0.0,0.0,0.0,0.0,0.0,0.0,0.0,0.0,0.0,0.0
cloak_of_agility,600,100.0,600.0,https://leagueoflegends.fandom.com/wiki/Cloak_of_Agility,0.0,0.0,0.0,0.0,0.0,0.0,0.0,0.0,0.0,0.0,0.0,0.0,0.0,0.0,15.0,0.0,0.0,0.0,0.0,0.0,0.0,0.0,0.0
cloth_armor,300,100.0,300.0,https://leagueoflegends.fandom.com/wiki/Cloth_Armor,0.0,0.0,0.0,15.0,0.0,0.0,0.0,0.0,0.0,0.0,0.0,0.0,0.0,0.0,0.0,0.0,0.0,0.0,0.0,0.0,0.0,0.0,0.0
control_ward,75,0.0,0.0,https://leagueoflegends.fandom.com/wiki/Control_Ward,0.0,0.0,0.0,0.0,0.0,0.0,0.0,0.0,0.0,0.0,0.0,0.0,0.0,0.0,0.0,0.0,0.0,0.0,0.0,0.0,0.0,0.0,0.0
corrupting_potion,500,0.0,0.0,https://leagueoflegends.fandom.com/wiki/Corrupting_Potion,0.0,0.0,0.0,0.0,0.0,0.0,0.0,0.0,0.0,0.0,0.0,0.0,0.0,0.0,0.0,0.0,0.0,0.0,0.0,0.0,0.0,0.0,0.0
cosmic_drive,3000,104.9,3147.0,https://leagueoflegends.fandom.com/wiki/Cosmic_Drive,30.0,200.0,0.0,0.0,65.0,0.0,0.0,0.0,0.0,0.0,5.0,0.0,0.0,0.0,0.0,0.0,0.0,0.0,0.0,0.0,0.0,0.0,0.0
crown_of_the_shattered_queen,2800,119.46,3344.88,https://leagueoflegends.fandom.com/wiki/Crown_of_the_Shattered_Queen,20.0,250.0,0.0,0.0,60.0,600.0,0.0,0.0,0.0,0.0,0.0,0.0,0.0,0.0,0.0,0.0,0.0,0.0,0.0,0.0,0.0,0.0,0.0
crystalline_bracer,650,105.13,683.35,https://leagueoflegends.fandom.com/wiki/Crystalline_Bracer,0.0,200.0,0.0,0.0,0.0,0.0,0.0,0.0,0.0,0.0,0.0,0.0,0.0,0.0,0.0,0.0,0.0,50.0,0.0,0.0,0.0,0.0,0.0
cull,450,54.44,244.98,https://leagueoflegends.fandom.com/wiki/Cull,0.0,0.0,0.0,0.0,0.0,0.0,0.0,0.0,7.0,0.0,0.0,0.0,0.0,0.0,0.0,0.0,0.0,0.0,3.0,0.0,0.0,0.0,0.0
dagger,300,100.0,300.0,https://leagueoflegends.fandom.com/wiki/Dagger,0.0,0.0,0.0,0.0,0.0,0.0,0.0,0.0,0.0,12.0,0.0,0.0,0.0,0.0,0.0,0.0,0.0,0.0,0.0,0.0,0.0,0.0,0.0
dark_seal,350,123.69,432.92,https://leagueoflegends.fandom.com/wiki/Dark_Seal,0.0,40.0,0.0,0.0,15.0,0.0,0.0,0.0,0.0,0.0,0.0,0.0,0.0,0.0,0.0,0.0,0.0,0.0,0.0,0.0,0.0,0.0,0.0
dead_mans_plate,2900,72.41,2099.89,https://leagueoflegends.fandom.com/wiki/Dead_Man's_Plate,0.0,0.0,0.0,0.0,0.0,0.0,0.0,0.0,0.0,0.0,0.0,0.0,0.0,0.0,0.0,0.0,0.0,0.0,0.0,0.0,0.0,0.0,0.0
deaths_dance,3300,97.73,3225.09,https://leagueoflegends.fandom.com/wiki/Death's_Dance,15.0,0.0,0.0,45.0,0.0,0.0,0.0,0.0,55.0,0.0,0.0,0.0,0.0,0.0,0.0,0.0,0.0,0.0,0.0,0.0,0.0,0.0,0.0
deicide,3300,120.2,3966.6,https://leagueoflegends.fandom.com/wiki/Deicide,20.0,300.0,0.0,0.0,0.0,0.0,0.0,0.0,40.0,0.0,0.0,0.0,0.0,0.0,0.0,0.0,0.0,0.0,0.0,0.0,0.0,0.0,0.0
demonic_embrace,3000,83.5,2505.0,https://leagueoflegends.fandom.com/wiki/Demonic_Embrace,0.0,450.0,0.0,0.0,60.0,0.0,0.0,0.0,0.0,0.0,0.0,0.0,0.0,0.0,0.0,0.0,0.0,0.0,0.0,0.0,0.0,0.0,0.0
divine_sunderer,3300,82.83,2733.39,https://leagueoflegends.fandom.com/wiki/Divine_Sunderer,20.0,300.0,0.0,0.0,0.0,0.0,0.0,0.0,40.0,0.0,0.0,0.0,0.0,0.0,0.0,0.0,0.0,0.0,0.0,0.0,0.0,0.0,0.0
dorans_blade,450,109.63,493.33,https://leagueoflegends.fandom.com/wiki/Doran's_Blade,0.0,80.0,0.0,0.0,0.0,0.0,0.0,0.0,8.0,0.0,0.0,0.0,0.0,0.0,0.0,0.0,0.0,0.0,0.0,0.0,0.0,0.0,0.0
dorans_ring,400,128.23,512.92,https://leagueoflegends.fandom.com/wiki/Doran's_Ring,0.0,70.0,0.0,0.0,15.0,0.0,0.0,0.0,0.0,0.0,0.0,0.0,0.0,0.0,0.0,0.0,0.0,0.0,0.0,0.0,0.0,0.0,0.0
dorans_shield,450,95.41,429.35,https://leagueoflegends.fandom.com/wiki/Doran's_Shield,0.0,80.0,0.0,0.0,0.0,0.0,0.0,0.0,0.0,0.0,0.0,0.0,0.0,0.0,0.0,0.0,0.0,0.0,0.0,6.0,0.0,0.0,0.0
draktharrs_shadowcarver,3100,132.56,4109.36,https://leagueoflegends.fandom.com/wiki/Draktharr's_Shadowcarver,20.0,0.0,0.0,0.0,0.0,0.0,0.0,0.0,60.0,0.0,0.0,0.0,0.0,0.0,0.0,0.0,0.0,0.0,0.0,0.0,0.0,0.0,0.0
dreamshatter,3300,138.89,4583.37,https://leagueoflegends.fandom.com/wiki/Dreamshatter,20.0,300.0,0.0,0.0,0.0,0.0,0.0,0.0,50.0,20.0,0.0,0.0,0.0,0.0,0.0,0.0,0.0,0.0,0.0,0.0,0.0,0.0,0.0
duskblade_of_draktharr,3100,103.21,3199.51,https://leagueoflegends.fandom.com/wiki/Duskblade_of_Draktharr,20.0,0.0,0.0,0.0,0.0,0.0,0.0,0.0,60.0,0.0,0.0,0.0,0.0,0.0,0.0,0.0,0.0,0.0,0.0,0.0,0.0,0.0,0.0
eclipse,3100,90.59,2808.29,https://leagueoflegends.fandom.com/wiki/Eclipse,0.0,0.0,0.0,0.0,0.0,0.0,0.0,0.0,55.0,0.0,0.0,0.0,0.0,0.0,0.0,0.0,0.0,0.0,0.0,0.0,0.0,0.0,0.0
edge_of_night,2900,101.07,2931.03,https://leagueoflegends.fandom.com/wiki/Edge_of_Night,0.0,325.0,0.0,0.0,0.0,0.0,0.0,0.0,50.0,0.0,0.0,0.0,0.0,0.0,0.0,0.0,0.0,0.0,0.0,0.0,0.0,0.0,0.0
elixir_of_iron,500,0.0,0.0,https://leagueoflegends.fandom.com/wiki/Elixir_of_Iron,0.0,0.0,0.0,0.0,0.0,0.0,0.0,0.0,0.0,0.0,0.0,0.0,0.0,0.0,0.0,0.0,0.0,0.0,0.0,0.0,0.0,0.0,0.0
elixir_of_sorcery,500,0.0,0.0,https://leagueoflegends.fandom.com/wiki/Elixir_of_Sorcery,0.0,0.0,0.0,0.0,0.0,0.0,0.0,0.0,0.0,0.0,0.0,0.0,0.0,0.0,0.0,0.0,0.0,0.0,0.0,0.0,0.0,0.0,0.0
elixir_of_wrath,500,0.0,0.0,https://leagueoflegends.fandom.com/wiki/Elixir_of_Wrath,0.0,0.0,0.0,0.0,0.0,0.0,0.0,0.0,0.0,0.0,0.0,0.0,0.0,0.0,0.0,0.0,0.0,0.0,0.0,0.0,0.0,0.0,0.0
emberknife,350,0.0,0.0,https://leagueoflegends.fandom.com/wiki/Emberknife,0.0,0.0,0.0,0.0,0.0,0.0,0.0,0.0,0.0,0.0,0.0,0.0,0.0,0.0,0.0,0.0,0.0,0.0,0.0,0.0,8.0,0.0,0.0
equinox,2500,130.13,3253.25,https://leagueoflegends.fandom.com/wiki/Equinox,20.0,200.0,30.0,30.0,0.0,0.0,0.0,0.0,0.0,0.0,0.0,0.0,0.0,0.0,0.0,0.0,0.0,0.0,0.0,0.0,0.0,0.0,0.0
essence_reaver,2800,103.87,2908.36,https://leagueoflegends.fandom.com/wiki/Essence_Reaver,20.0,0.0,0.0,0.0,0.0,0.0,0.0,0.0,45.0,0.0,0.0,0.0,0.0,0.0,20.0,0.0,0.0,0.0,0.0,0.0,0.0,0.0,0.0
eternal_winter,2800,159.29,4460.12,https://leagueoflegends.fandom.com/wiki/Eternal_Winter,20.0,250.0,0.0,0.0,70.0,600.0,0.0,0.0,0.0,0.0,0.0,0.0,0.0,0.0,0.0,0.0,0.0,0.0,0.0,0.0,0.0,0.0,0.0
evenshroud,2500,88.27,2206.75,https://leagueoflegends.fandom.com/wiki/Evenshroud,20.0,200.0,30.0,30.0,0.0,0.0,0.0,0.0,0.0,0.0,0.0,0.0,0.0,0.0,0.0,0.0,0.0,0.0,0.0,0.0,0.0,0.0,0.0
everfrost,2800,127.23,3562.44,https://leagueoflegends.fandom.com/wiki/Everfrost,20.0,250.0,0.0,0.0,70.0,600.0,0.0,0.0,0.0,0.0,0.0,0.0,0.0,0.0,0.0,0.0,0.0,0.0,0.0,0.0,0.0,0.0,0.0
executioners_calling,800,65.63,525.04,https://leagueoflegends.fandom.com/wiki/Executioner's_Calling,0.0,0.0,0.0,0.0,0.0,0.0,0.0,0.0,15.0,0.0,0.0,0.0,0.0,0.0,0.0,0.0,0.0,0.0,0.0,0.0,0.0,0.0,0.0
eye_of_luden,3200,133.52,4272.64,https://leagueoflegends.fandom.com/wiki/Eye_of_Luden,20.0,0.0,0.0,0.0,80.0,600.0,0.0,0.0,0.0,0.0,0.0,0.0,0.0,6.0,0.0,0.0,0.0,0.0,0.0,0.0,0.0,0.0,0.0
faerie_charm,250,100.0,250.0,https://leagueoflegends.fandom.com/wiki/Faerie_Charm,0.0,0.0,0.0,0.0,0.0,0.0,50.0,0.0,0.0,0.0,0.0,0.0,0.0,0.0,0.0,0.0,0.0,0.0,0.0,0.0,0.0,0.0,0.0
fiendish_codex,900,114.21,1027.89,https://leagueoflegends.fandom.com/wiki/Fiendish_Codex,10.0,0.0,0.0,0.0,35.0,0.0,0.0,0.0,0.0,0.0,0.0,0.0,0.0,0.0,0.0,0.0,0.0,0.0,0.0,0.0,0.0,0.0,0.0
fimbulwinter,2600,102.72,2670.72,https://leagueoflegends.fandom.com/wiki/Fimbulwinter,15.0,400.0,0.0,0.0,0.0,860.0,0.0,0.0,0.0,0.0,0.0,0.0,0.0,0.0,0.0,0.0,0.0,0.0,0.0,0.0,0.0,0.0,0.0
forbidden_idol,800,100.0,800.0,https://leagueoflegends.fandom.com/wiki/Forbidden_Idol,0.0,0.0,0.0,0.0,0.0,0.0,50.0,10.0,0.0,0.0,0.0,0.0,0.0,0.0,0.0,0.0,0.0,0.0,0.0,0.0,0.0,0.0,0.0
force_of_nature,2900,89.43,2593.47,https://leagueoflegends.fandom.com/wiki/Force_of_Nature,0.0,350.0,70.0,0.0,0.0,0.0,0.0,0.0,0.0,0.0,5.0,0.0,0.0,0.0,0.0,0.0,0.0,0.0,0.0,0.0,0.0,0.0,0.0
forgefire_crest,3200,115.94,3710.08,https://leagueoflegends.fandom.com/wiki/Forgefire_Crest,20.0,350.0,35.0,35.0,0.0,0.0,0.0,0.0,0.0,0.0,0.0,0.0,0.0,0.0,0.0,0.0,0.0,0.0,0.0,0.0,0.0,0.0,0.0
frostfang,400,221.98,887.92,https://leagueoflegends.fandom.com/wiki/Frostfang,0.0,70.0,0.0,0.0,15.0,0.0,75.0,0.0,0.0,0.0,0.0,3.0,0.0,0.0,0.0,0.0,0.0,0.0,0.0,0.0,0.0,0.0,0.0
frostfire_gauntlet,2800,86.31,2416.68,https://leagueoflegends.fandom.com/wiki/Frostfire_Gauntlet,20.0,350.0,25.0,25.0,0.0,0.0,0.0,0.0,0.0,0.0,0.0,0.0,0.0,0.0,0.0,0.0,0.0,0.0,0.0,0.0,0.0,0.0,0.0
frozen_heart,2500,107.73,2693.25,https://leagueoflegends.fandom.com/wiki/Frozen_Heart,20.0,0.0,0.0,80.0,0.0,400.0,0.0,0.0,0.0,0.0,0.0,0.0,0.0,0.0,0.0,0.0,0.0,0.0,0.0,0.0,0.0,0.0,0.0
galeforce,3400,100.0,3400.0,https://leagueoflegends.fandom.com/wiki/Galeforce,0.0,0.0,0.0,0.0,0.0,0.0,0.0,0.0,60.0,20.0,0.0,0.0,0.0,0.0,20.0,0.0,0.0,0.0,0.0,0.0,0.0,0.0,0.0
gargoyle_stoneplate,3200,83.75,2680.0,https://leagueoflegends.fandom.com/wiki/Gargoyle_Stoneplate,15.0,0.0,60.0,60.0,0.0,0.0,0.0,0.0,0.0,0.0,0.0,0.0,0.0,0.0,0.0,0.0,0.0,0.0,0.0,0.0,0.0,0.0,0.0
giants_belt,900,103.7,933.3,https://leagueoflegends.fandom.com/wiki/Giant's_Belt,0.0,350.0,0.0,0.0,0.0,0.0,0.0,0.0,0.0,0.0,0.0,0.0,0.0,0.0,0.0,0.0,0.0,0.0,0.0,0.0,0.0,0.0,0.0
glacial_buckler,900,112.96,1016.64,https://leagueoflegends.fandom.com/wiki/Glacial_Buckler,10.0,0.0,0.0,20.0,0.0,250.0,0.0,0.0,0.0,0.0,0.0,0.0,0.0,0.0,0.0,0.0,0.0,0.0,0.0,0.0,0.0,0.0,0.0
goredrinker,3300,110.76,3655.08,https://leagueoflegends.fandom.com/wiki/Goredrinker,20.0,300.0,0.0,0.0,0.0,0.0,0.0,0.0,55.0,0.0,0.0,0.0,0.0,0.0,0.0,0.0,10.0,0.0,0.0,0.0,0.0,0.0,0.0
guardian_angel,2800,78.57,2199.96,https://leagueoflegends.fandom.com/wiki/Guardian_Angel,0.0,0.0,0.0,40.0,0.0,0.0,0.0,0.0,40.0,0.0,0.0,0.0,0.0,0.0,0.0,0.0,0.0,0.0,0.0,0.0,0.0,0.0,0.0
guardians_blade,950,194.74,1850.03,https://leagueoflegends.fandom.com/wiki/Guardian's_Blade,15.0,150.0,0.0,0.0,0.0,0.0,0.0,0.0,30.0,0.0,0.0,0.0,0.0,0.0,0.0,0.0,0.0,0.0,0.0,0.0,0.0,0.0,0.0
guardians_hammer,950,173.68,1649.96,https://leagueoflegends.fandom.com/wiki/Guardian's_Hammer,0.0,150.0,0.0,0.0,0.0,0.0,0.0,0.0,25.0,0.0,0.0,0.0,10.0,0.0,0.0,0.0,0.0,0.0,0.0,0.0,0.0,0.0,0.0
guardians_horn,950,117.89,1119.95,https://leagueoflegends.fandom.com/wiki/Guardian's_Horn,0.0,150.0,0.0,0.0,0.0,0.0,0.0,0.0,0.0,0.0,0.0,0.0,0.0,0.0,0.0,0.0,0.0,0.0,0.0,20.0,0.0,0.0,0.0
guardians_orb,950,133.68,1269.96,https://leagueoflegends.fandom.com/wiki/Guardian's_Orb,0.0,150.0,0.0,0.0,40.0,0.0,0.0,0.0,0.0,0.0,0.0,0.0,0.0,0.0,0.0,0.0,0.0,0.0,0.0,0.0,0.0,0.0,0.0
guinsoos_rageblade,2600,74.04,1925.04,https://leagueoflegends.fandom.com/wiki/Guinsoo's_Rageblade,0.0,0.0,0.0,0.0,0.0,0.0,0.0,0.0,0.0,45.0,0.0,0.0,0.0,0.0,20.0,0.0,0.0,0.0,0.0,0.0,0.0,0.0,0.0
hailblade,350,0.0,0.0,https://leagueoflegends.fandom.com/wiki/Hailblade,0.0,0.0,0.0,0.0,0.0,0.0,0.0,0.0,0.0,0.0,0.0,0.0,0.0,0.0,0.0,0.0,0.0,0.0,0.0,0.0,8.0,0.0,0.0
harrowing_crescent,400,190.0,760.0,https://leagueoflegends.fandom.com/wiki/Harrowing_Crescent,0.0,60.0,0.0,0.0,0.0,0.0,50.0,0.0,10.0,0.0,0.0,3.0,0.0,0.0,0.0,0.0,0.0,0.0,0.0,0.0,0.0,0.0,0.0
health_potion,50,0.0,0.0,https://leagueoflegends.fandom.com/wiki/Health_Potion,0.0,0.0,0.0,0.0,0.0,0.0,0.0,0.0,0.0,0.0,0.0,0.0,0.0,0.0,0.0,0.0,0.0,0.0,0.0,0.0,0.0,0.0,0.0
hearthbound_axe,1000,90.0,900.0,https://leagueoflegends.fandom.com/wiki/Hearthbound_Axe,0.0,0.0,0.0,0.0,0.0,0.0,0.0,0.0,15.0,15.0,0.0,0.0,0.0,0.0,0.0,0.0,0.0,0.0,0.0,0.0,0.0,0.0,0.0
hexdrinker,1300,115.77,1505.01,https://leagueoflegends.fandom.com/wiki/Hexdrinker,0.0,0.0,35.0,0.0,0.0,0.0,0.0,0.0,25.0,0.0,0.0,0.0,0.0,0.0,0.0,0.0,0.0,0.0,0.0,0.0,0.0,0.0,0.0
hextech_alternator,1050,89.88,943.74,https://leagueoflegends.fandom.com/wiki/Hextech_Alternator,0.0,150.0,0.0,0.0,25.0,0.0,0.0,0.0,0.0,0.0,0.0,0.0,0.0,0.0,0.0,0.0,0.0,0.0,0.0,0.0,0.0,0.0,0.0
hextech_rocketbelt,3200,100.34,3210.88,https://leagueoflegends.fandom.com/wiki/Hextech_Rocketbelt,15.0,250.0,0.0,0.0,90.0,0.0,0.0,0.0,0.0,0.0,0.0,0.0,0.0,6.0,0.0,0.0,0.0,0.0,0.0,0.0,0.0,0.0,0.0
horizon_focus,3000,88.29,2648.7,https://leagueoflegends.fandom.com/wiki/Horizon_Focus,15.0,150.0,0.0,0.0,85.0,0.0,0.0,0.0,0.0,0.0,0.0,0.0,0.0,0.0,0.0,0.0,0.0,0.0,0.0,0.0,0.0,0.0,0.0
hullbreaker,2800,116.67,3266.76,https://leagueoflegends.fandom.com/wiki/Hullbreaker,0.0,400.0,0.0,0.0,0.0,0.0,0.0,0.0,50.0,0.0,0.0,0.0,0.0,0.0,0.0,0.0,0.0,0.0,0.0,0.0,0.0,0.0,0.0
icathias_curse,3200,134.53,4304.96,https://leagueoflegends.fandom.com/wiki/Icathia's_Curse,15.0,300.0,0.0,0.0,80.0,0.0,0.0,0.0,0.0,0.0,0.0,0.0,0.0,0.0,0.0,0.0,8.0,0.0,0.0,0.0,0.0,0.0,0.0
immortal_shieldbow,3400,100.74,3425.16,https://leagueoflegends.fandom.com/wiki/Immortal_Shieldbow,0.0,0.0,0.0,0.0,0.0,0.0,0.0,0.0,50.0,20.0,0.0,0.0,10.0,0.0,20.0,0.0,0.0,0.0,0.0,0.0,0.0,0.0,0.0
imperial_mandate,2500,97.47,2436.75,https://leagueoflegends.fandom.com/wiki/Imperial_Mandate,20.0,200.0,0.0,0.0,40.0,0.0,100.0,0.0,0.0,0.0,0.0,0.0,0.0,0.0,0.0,0.0,0.0,0.0,0.0,0.0,0.0,0.0,0.0
infinity_edge,3400,95.59,3250.06,https://leagueoflegends.fandom.com/wiki/Infinity_Edge,0.0,0.0,0.0,0.0,0.0,0.0,0.0,0.0,70.0,0.0,0.0,0.0,0.0,0.0,20.0,0.0,0.0,0.0,0.0,0.0,0.0,0.0,0.0
infinity_force,3333,129.26,4308.24,https://leagueoflegends.fandom.com/wiki/Infinity_Force,20.0,300.0,0.0,0.0,0.0,0.0,0.0,0.0,35.0,30.0,0.0,0.0,0.0,0.0,0.0,0.0,0.0,0.0,0.0,0.0,0.0,0.0,0.0
ionian_boots_of_lucidity,950,112.98,1073.31,https://leagueoflegends.fandom.com/wiki/Ionian_Boots_of_Lucidity,0.0,0.0,0.0,0.0,0.0,0.0,0.0,0.0,0.0,0.0,0.0,0.0,0.0,0.0,0.0,0.0,0.0,0.0,0.0,0.0,0.0,0.0,0.0
ironspike_whip,1100,95.45,1049.95,https://leagueoflegends.fandom.com/wiki/Ironspike_Whip,0.0,0.0,0.0,0.0,0.0,0.0,0.0,0.0,30.0,0.0,0.0,0.0,0.0,0.0,0.0,0.0,0.0,0.0,0.0,0.0,0.0,0.0,0.0
kindlegem,800,100.0,800.0,https://leagueoflegends.fandom.com/wiki/Kindlegem,10.0,200.0,0.0,0.0,0.0,0.0,0.0,0.0,0.0,0.0,0.0,0.0,0.0,0.0,0.0,0.0,0.0,0.0,0.0,0.0,0.0,0.0,0.0
kircheis_shard,700,53.57,374.99,https://leagueoflegends.fandom.com/wiki/Kircheis_Shard,0.0,0.0,0.0,0.0,0.0,0.0,0.0,0.0,0.0,15.0,0.0,0.0,0.0,0.0,0.0,0.0,0.0,0.0,0.0,0.0,0.0,0.0,0.0
knights_vow,2300,77.54,1783.42,https://leagueoflegends.fandom.com/wiki/Knight's_Vow,10.0,400.0,0.0,0.0,0.0,0.0,0.0,0.0,0.0,0.0,0.0,0.0,0.0,0.0,0.0,0.0,0.0,0.0,0.0,0.0,0.0,0.0,0.0
kraken_slayer,3400,108.82,3699.88,https://leagueoflegends.fandom.com/wiki/Kraken_Slayer,0.0,0.0,0.0,0.0,0.0,0.0,0.0,0.0,65.0,25.0,0.0,0.0,0.0,0.0,20.0,0.0,0.0,0.0,0.0,0.0,0.0,0.0,0.0
last_whisper,1450,100.0,1450.0,https://leagueoflegends.fandom.com/wiki/Last_Whisper,0.0,0.0,0.0,0.0,0.0,0.0,0.0,0.0,20.0,0.0,0.0,0.0,0.0,0.0,0.0,0.0,0.0,0.0,0.0,0.0,0.0,20.0,0.0
leeching_leer,1300,100.0,1300.0,https://leagueoflegends.fandom.com/wiki/Leeching_Leer,0.0,250.0,0.0,0.0,20.0,0.0,0.0,0.0,0.0,0.0,0.0,0.0,0.0,0.0,0.0,0.0,5.0,0.0,0.0,0.0,0.0,0.0,0.0
liandrys_anguish,3200,97.29,3113.28,https://leagueoflegends.fandom.com/wiki/Liandry's_Anguish,20.0,0.0,0.0,0.0,80.0,600.0,0.0,0.0,0.0,0.0,0.0,0.0,0.0,0.0,0.0,0.0,0.0,0.0,0.0,0.0,0.0,0.0,0.0
liandrys_lament,3200,130.6,4179.2,https://leagueoflegends.fandom.com/wiki/Liandry's_Lament,20.0,0.0,0.0,0.0,80.0,600.0,0.0,0.0,0.0,0.0,0.0,0.0,0.0,0.0,0.0,0.0,0.0,0.0,0.0,0.0,0.0,0.0,0.0
lich_bane,3000,89.04,2671.2,https://leagueoflegends.fandom.com/wiki/Lich_Bane,15.0,0.0,0.0,0.0,75.0,0.0,0.0,0.0,0.0,0.0,8.0,0.0,0.0,0.0,0.0,0.0,0.0,0.0,0.0,0.0,0.0,0.0,0.0
locket_of_the_iron_solari,2500,88.27,2206.75,https://leagueoflegends.fandom.com/wiki/Locket_of_the_Iron_Solari,20.0,200.0,30.0,30.0,0.0,0.0,0.0,0.0,0.0,0.0,0.0,0.0,0.0,0.0,0.0,0.0,0.0,0.0,0.0,0.0,0.0,0.0,0.0
long_sword,350,100.0,350.0,https://leagueoflegends.fandom.com/wiki/Long_Sword,0.0,0.0,0.0,0.0,0.0,0.0,0.0,0.0,10.0,0.0,0.0,0.0,0.0,0.0,0.0,0.0,0.0,0.0,0.0,0.0,0.0,0.0,0.0
lord_dominiks_regards,3000,105.42,3162.6,https://leagueoflegends.fandom.com/wiki/Lord_Dominik's_Regards,0.0,0.0,0.0,0.0,0.0,0.0,0.0,0.0,30.0,0.0,0.0,0.0,0.0,0.0,20.0,0.0,0.0,0.0,0.0,0.0,0.0,35.0,0.0
lost_chapter,1300,119.74,1556.62,https://leagueoflegends.fandom.com/wiki/Lost_Chapter,10.0,0.0,0.0,0.0,40.0,300.0,0.0,0.0,0.0,0.0,0.0,0.0,0.0,0.0,0.0,0.0,0.0,0.0,0.0,0.0,0.0,0.0,0.0
ludens_tempest,3200,103.13,3300.16,https://leagueoflegends.fandom.com/wiki/Luden's_Tempest,20.0,0.0,0.0,0.0,80.0,600.0,0.0,0.0,0.0,0.0,0.0,0.0,0.0,6.0,0.0,0.0,0.0,0.0,0.0,0.0,0.0,0.0,0.0
manamune,2900,80.17,2324.93,https://leagueoflegends.fandom.com/wiki/Manamune,15.0,0.0,0.0,0.0,0.0,500.0,0.0,0.0,35.0,0.0,0.0,0.0,0.0,0.0,0.0,0.0,0.0,0.0,0.0,0.0,0.0,0.0,0.0
maw_of_malmortius,2900,115.8,3358.2,https://leagueoflegends.fandom.com/wiki/Maw_of_Malmortius,20.0,0.0,50.0,0.0,0.0,0.0,0.0,0.0,55.0,0.0,0.0,0.0,0.0,0.0,0.0,0.0,0.0,0.0,0.0,0.0,0.0,0.0,0.0
mejais_soulstealer,1600,43.85,701.6,https://leagueoflegends.fandom.com/wiki/Mejai's_Soulstealer,0.0,100.0,0.0,0.0,20.0,0.0,0.0,0.0,0.0,0.0,0.0,0.0,0.0,0.0,0.0,0.0,0.0,0.0,0.0,0.0,0.0,0.0,0.0
mercurial_scimitar,3000,91.33,2739.9,https://leagueoflegends.fandom.com/wiki/Mercurial_Scimitar,0.0,0.0,30.0,0.0,0.0,0.0,0.0,0.0,40.0,0.0,0.0,0.0,0.0,0.0,20.0,0.0,0.0,0.0,0.0,0.0,0.0,0.0,0.0
mercurys_treads,1100,90.0,990.0,https://leagueoflegends.fandom.com/wiki/Mercury's_Treads,0.0,0.0,25.0,0.0,0.0,0.0,0.0,0.0,0.0,0.0,45.0,0.0,0.0,0.0,0.0,0.0,0.0,0.0,0.0,0.0,0.0,0.0,30.0
mikaels_blessing,2300,126.09,2900.07,https://leagueoflegends.fandom.com/wiki/Mikael's_Blessing,15.0,0.0,50.0,0.0,0.0,0.0,100.0,20.0,0.0,0.0,0.0,0.0,0.0,0.0,0.0,0.0,0.0,0.0,0.0,0.0,0.0,0.0,0.0
mobility_boots,1000,138.0,1380.0,https://leagueoflegends.fandom.com/wiki/Mobility_Boots,0.0,0.0,0.0,0.0,0.0,0.0,0.0,0.0,0.0,0.0,115.0,0.0,0.0,0.0,0.0,0.0,0.0,0.0,0.0,0.0,0.0,0.0,0.0
moonstone_renewer,2500,97.47,2436.75,https://leagueoflegends.fandom.com/wiki/Moonstone_Renewer,20.0,200.0,0.0,0.0,40.0,0.0,100.0,0.0,0.0,0.0,0.0,0.0,0.0,0.0,0.0,0.0,0.0,0.0,0.0,0.0,0.0,0.0,0.0
morellonomicon,2500,96.27,2406.75,https://leagueoflegends.fandom.com/wiki/Morellonomicon,0.0,250.0,0.0,0.0,80.0,0.0,0.0,0.0,0.0,0.0,0.0,0.0,0.0,0.0,0.0,0.0,0.0,0.0,0.0,0.0,0.0,0.0,0.0
mortal_reminder,2500,114.4,2860.0,https://leagueoflegends.fandom.com/wiki/Mortal_Reminder,0.0,0.0,0.0,0.0,0.0,0.0,0.0,0.0,25.0,25.0,7.0,0.0,0.0,0.0,20.0,0.0,0.0,0.0,0.0,0.0,0.0,0.0,0.0
muramana,2900,97.55,2828.95,https://leagueoflegends.fandom.com/wiki/Muramana,15.0,0.0,0.0,0.0,0.0,860.0,0.0,0.0,35.0,0.0,0.0,0.0,0.0,0.0,0.0,0.0,0.0,0.0,0.0,0.0,0.0,0.0,0.0
nashors_tooth,3000,114.17,3425.1,https://leagueoflegends.fandom.com/wiki/Nashor's_Tooth,0.0,0.0,0.0,0.0,100.0,0.0,0.0,0.0,0.0,50.0,0.0,0.0,0.0,0.0,0.0,0.0,0.0,0.0,0.0,0.0,0.0,0.0,0.0
navori_quickblades,3400,108.82,3699.88,https://leagueoflegends.fandom.com/wiki/Navori_Quickblades,30.0,0.0,0.0,0.0,0.0,0.0,0.0,0.0,60.0,0.0,0.0,0.0,0.0,0.0,20.0,0.0,0.0,0.0,0.0,0.0,0.0,0.0,0.0
needlessly_large_rod,1250,104.4,1305.0,https://leagueoflegends.fandom.com/wiki/Needlessly_Large_Rod,0.0,0.0,0.0,0.0,60.0,0.0,0.0,0.0,0.0,0.0,0.0,0.0,0.0,0.0,0.0,0.0,0.0,0.0,0.0,0.0,0.0,0.0,0.0
negatron_cloak,900,100.0,900.0,https://leagueoflegends.fandom.com/wiki/Negatron_Cloak,0.0,0.0,50.0,0.0,0.0,0.0,0.0,0.0,0.0,0.0,0.0,0.0,0.0,0.0,0.0,0.0,0.0,0.0,0.0,0.0,0.0,0.0,0.0
night_harvester,3200,98.67,3157.44,https://leagueoflegends.fandom.com/wiki/Night_Harvester,15.0,300.0,0.0,0.0,90.0,0.0,0.0,0.0,0.0,0.0,0.0,0.0,0.0,0.0,0.0,0.0,0.0,0.0,0.0,0.0,0.0,0.0,0.0
noonquiver,1300,109.62,1425.06,https://leagueoflegends.fandom.com/wiki/Noonquiver,0.0,0.0,0.0,0.0,0.0,0.0,0.0,0.0,30.0,15.0,0.0,0.0,0.0,0.0,0.0,0.0,0.0,0.0,0.0,0.0,0.0,0.0,0.0
null-magic_mantle,450,100.0,450.0,https://leagueoflegends.fandom.com/wiki/Null-Magic_Mantle,0.0,0.0,25.0,0.0,0.0,0.0,0.0,0.0,0.0,0.0,0.0,0.0,0.0,0.0,0.0,0.0,0.0,0.0,0.0,0.0,0.0,0.0,0.0
oblivion_orb,800,81.56,652.48,https://leagueoflegends.fandom.com/wiki/Oblivion_Orb,0.0,0.0,0.0,0.0,30.0,0.0,0.0,0.0,0.0,0.0,0.0,0.0,0.0,0.0,0.0,0.0,0.0,0.0,0.0,0.0,0.0,0.0,0.0
obsidian_edge,350,0.0,0.0,https://leagueoflegends.fandom.com/wiki/Obsidian_Edge,0.0,0.0,0.0,0.0,0.0,0.0,0.0,0.0,0.0,0.0,0.0,0.0,0.0,0.0,0.0,0.0,0.0,0.0,0.0,0.0,8.0,0.0,0.0
pauldrons_of_whiterock,400,372.92,1491.68,https://leagueoflegends.fandom.com/wiki/Pauldrons_of_Whiterock,0.0,250.0,0.0,0.0,0.0,0.0,0.0,0.0,15.0,0.0,0.0,0.0,0.0,0.0,0.0,0.0,0.0,0.0,0.0,0.0,0.0,0.0,0.0
phage,1100,96.21,1058.31,https://leagueoflegends.fandom.com/wiki/Phage,0.0,200.0,0.0,0.0,0.0,0.0,0.0,0.0,15.0,0.0,0.0,0.0,0.0,0.0,0.0,0.0,0.0,0.0,0.0,0.0,0.0,0.0,0.0
phantom_dancer,2600,103.27,2685.02,https://leagueoflegends.fandom.com/wiki/Phantom_Dancer,0.0,0.0,0.0,0.0,0.0,0.0,0.0,0.0,20.0,25.0,7.0,0.0,0.0,0.0,20.0,0.0,0.0,0.0,0.0,0.0,0.0,0.0,0.0
pickaxe,875,100.0,875.0,https://leagueoflegends.fandom.com/wiki/Pickaxe,0.0,0.0,0.0,0.0,0.0,0.0,0.0,0.0,25.0,0.0,0.0,0.0,0.0,0.0,0.0,0.0,0.0,0.0,0.0,0.0,0.0,0.0,0.0
plated_steelcaps,1100,85.45,939.95,https://leagueoflegends.fandom.com/wiki/Plated_Steelcaps,0.0,0.0,0.0,20.0,0.0,0.0,0.0,0.0,0.0,0.0,45.0,0.0,0.0,0.0,0.0,0.0,0.0,0.0,0.0,0.0,0.0,0.0,0.0
prowlers_claw,3100,103.21,3199.51,https://leagueoflegends.fandom.com/wiki/Prowler's_Claw,20.0,0.0,0.0,0.0,0.0,0.0,0.0,0.0,60.0,0.0,0.0,0.0,0.0,0.0,0.0,0.0,0.0,0.0,0.0,0.0,0.0,0.0,0.0
quicksilver_sash,1300,41.54,540.02,https://leagueoflegends.fandom.com/wiki/Quicksilver_Sash,0.0,0.0,30.0,0.0,0.0,0.0,0.0,0.0,0.0,0.0,0.0,0.0,0.0,0.0,0.0,0.0,0.0,0.0,0.0,0.0,0.0,0.0,0.0
rabadons_deathcap,3600,72.5,2610.0,https://leagueoflegends.fandom.com/wiki/Rabadon's_Deathcap,0.0,0.0,0.0,0.0,120.0,0.0,0.0,0.0,0.0,0.0,0.0,0.0,0.0,0.0,0.0,0.0,0.0,0.0,0.0,0.0,0.0,0.0,0.0
rageknife,800,78.13,625.04,https://leagueoflegends.fandom.com/wiki/Rageknife,0.0,0.0,0.0,0.0,0.0,0.0,0.0,0.0,0.0,25.0,0.0,0.0,0.0,0.0,0.0,0.0,0.0,0.0,0.0,0.0,0.0,0.0,0.0
randuins_omen,2700,93.83,2533.41,https://leagueoflegends.fandom.com/wiki/Randuin's_Omen,10.0,250.0,0.0,80.0,0.0,0.0,0.0,0.0,0.0,0.0,0.0,0.0,0.0,0.0,0.0,0.0,0.0,0.0,0.0,0.0,0.0,0.0,0.0
rapid_firecannon,2500,89.4,2235.0,https://leagueoflegends.fandom.com/wiki/Rapid_Firecannon,0.0,0.0,0.0,0.0,0.0,0.0,0.0,0.0,0.0,35.0,7.0,0.0,0.0,0.0,20.0,0.0,0.0,0.0,0.0,0.0,0.0,0.0,0.0
ravenous_hydra,3300,102.42,3379.86,https://leagueoflegends.fandom.com/wiki/Ravenous_Hydra,20.0,0.0,0.0,0.0,0.0,0.0,0.0,0.0,70.0,0.0,0.0,0.0,0.0,0.0,0.0,0.0,10.0,0.0,0.0,0.0,0.0,0.0,0.0
recurve_bow,1000,62.5,625.0,https://leagueoflegends.fandom.com/wiki/Recurve_Bow,0.0,0.0,0.0,0.0,0.0,0.0,0.0,0.0,0.0,25.0,0.0,0.0,0.0,0.0,0.0,0.0,0.0,0.0,0.0,0.0,0.0,0.0,0.0
redemption,2300,110.14,2533.22,https://leagueoflegends.fandom.com/wiki/Redemption,15.0,200.0,0.0,0.0,0.0,0.0,100.0,20.0,0.0,0.0,0.0,0.0,0.0,0.0,0.0,0.0,0.0,0.0,0.0,0.0,0.0,0.0,0.0
refillable_potion,150,0.0,0.0,https://leagueoflegends.fandom.com/wiki/Refillable_Potion,0.0,0.0,0.0,0.0,0.0,0.0,0.0,0.0,0.0,0.0,0.0,0.0,0.0,0.0,0.0,0.0,0.0,0.0,0.0,0.0,0.0,0.0,0.0
rejuvenation_bead,150,100.0,150.0,https://leagueoflegends.fandom.com/wiki/Rejuvenation_Bead,0.0,0.0,0.0,0.0,0.0,0.0,0.0,0.0,0.0,0.0,0.0,0.0,0.0,0.0,0.0,0.0,0.0,50.0,0.0,0.0,0.0,0.0,0.0
relic_shield,400,65.94,263.76,https://leagueoflegends.fandom.com/wiki/Relic_Shield,0.0,30.0,0.0,0.0,5.0,0.0,0.0,0.0,0.0,0.0,0.0,2.0,0.0,0.0,0.0,0.0,0.0,25.0,0.0,0.0,0.0,0.0,0.0
reliquary_of_the_golden_dawn,2500,130.13,3253.25,https://leagueoflegends.fandom.com/wiki/Reliquary_of_the_Golden_Dawn,20.0,200.0,30.0,30.0,0.0,0.0,0.0,0.0,0.0,0.0,0.0,0.0,0.0,0.0,0.0,0.0,0.0,0.0,0.0,0.0,0.0,0.0,0.0
riftmaker,3200,101.79,3257.28,https://leagueoflegends.fandom.com/wiki/Riftmaker,15.0,300.0,0.0,0.0,80.0,0.0,0.0,0.0,0.0,0.0,0.0,0.0,0.0,0.0,0.0,0.0,8.0,0.0,0.0,0.0,0.0,0.0,0.0
rimeforged_grasp,2800,125.71,3519.88,https://leagueoflegends.fandom.com/wiki/Rimeforged_Grasp,20.0,350.0,25.0,25.0,0.0,0.0,0.0,0.0,0.0,0.0,0.0,0.0,0.0,0.0,0.0,0.0,0.0,0.0,0.0,0.0,0.0,0.0,0.0
ruby_crystal,400,100.0,400.0,https://leagueoflegends.fandom.com/wiki/Ruby_Crystal,0.0,150.0,0.0,0.0,0.0,0.0,0.0,0.0,0.0,0.0,0.0,0.0,0.0,0.0,0.0,0.0,0.0,0.0,0.0,0.0,0.0,0.0,0.0
runaans_hurricane,2600,95.58,2485.08,https://leagueoflegends.fandom.com/wiki/Runaan's_Hurricane,0.0,0.0,0.0,0.0,0.0,0.0,0.0,0.0,0.0,45.0,7.0,0.0,0.0,0.0,20.0,0.0,0.0,0.0,0.0,0.0,0.0,0.0,0.0
runesteel_spaulders,400,156.67,626.68,https://leagueoflegends.fandom.com/wiki/Runesteel_Spaulders,0.0,100.0,0.0,0.0,0.0,0.0,0.0,0.0,6.0,0.0,0.0,3.0,0.0,0.0,0.0,0.0,0.0,50.0,0.0,0.0,0.0,0.0,0.0
rylais_crystal_scepter,2600,103.77,2698.02,https://leagueoflegends.fandom.com/wiki/Rylai's_Crystal_Scepter,0.0,400.0,0.0,0.0,75.0,0.0,0.0,0.0,0.0,0.0,0.0,0.0,0.0,0.0,0.0,0.0,0.0,0.0,0.0,0.0,0.0,0.0,0.0
sandshrikes_claw,3100,132.56,4109.36,https://leagueoflegends.fandom.com/wiki/Sandshrike's_Claw,20.0,0.0,0.0,0.0,0.0,0.0,0.0,0.0,60.0,0.0,0.0,0.0,0.0,0.0,0.0,0.0,0.0,0.0,0.0,0.0,0.0,0.0,0.0
sapphire_crystal,350,100.0,350.0,https://leagueoflegends.fandom.com/wiki/Sapphire_Crystal,0.0,0.0,0.0,0.0,0.0,250.0,0.0,0.0,0.0,0.0,0.0,0.0,0.0,0.0,0.0,0.0,0.0,0.0,0.0,0.0,0.0,0.0,0.0
seat_of_command,2500,159.57,3989.25,https://leagueoflegends.fandom.com/wiki/Seat_of_Command,20.0,200.0,0.0,0.0,40.0,0.0,100.0,0.0,0.0,0.0,0.0,0.0,0.0,0.0,0.0,0.0,0.0,0.0,0.0,0.0,0.0,0.0,0.0
seekers_armguard,1000,73.5,735.0,https://leagueoflegends.fandom.com/wiki/Seeker's_Armguard,0.0,0.0,0.0,15.0,20.0,0.0,0.0,0.0,0.0,0.0,0.0,0.0,0.0,0.0,0.0,0.0,0.0,0.0,0.0,0.0,0.0,0.0,0.0
seraphs_embrace,2600,138.87,3610.62,https://leagueoflegends.fandom.com/wiki/Seraph's_Embrace,0.0,250.0,0.0,0.0,80.0,860.0,0.0,0.0,0.0,0.0,0.0,0.0,0.0,0.0,0.0,0.0,0.0,0.0,0.0,0.0,0.0,0.0,0.0
serpents_fang,2600,88.55,2302.3,https://leagueoflegends.fandom.com/wiki/Serpent's_Fang,0.0,0.0,0.0,0.0,0.0,0.0,0.0,0.0,55.0,0.0,0.0,0.0,0.0,0.0,0.0,0.0,0.0,0.0,0.0,0.0,0.0,0.0,0.0
serrated_dirk,1100,95.45,1049.95,https://leagueoflegends.fandom.com/wiki/Serrated_Dirk,0.0,0.0,0.0,0.0,0.0,0.0,0.0,0.0,30.0,0.0,0.0,0.0,0.0,0.0,0.0,0.0,0.0,0.0,0.0,0.0,0.0,0.0,0.0
seryldas_grudge,3200,101.04,3233.28,https://leagueoflegends.fandom.com/wiki/Serylda's_Grudge,20.0,0.0,0.0,0.0,0.0,0.0,0.0,0.0,45.0,0.0,0.0,0.0,0.0,0.0,0.0,0.0,0.0,0.0,0.0,0.0,0.0,30.0,0.0
shadowflame,3000,90.28,2708.4,https://leagueoflegends.fandom.com/wiki/Shadowflame,0.0,200.0,0.0,0.0,100.0,0.0,0.0,0.0,0.0,0.0,0.0,0.0,0.0,0.0,0.0,0.0,0.0,0.0,0.0,0.0,0.0,0.0,0.0
shard_of_true_ice,400,392.5,1570.0,https://leagueoflegends.fandom.com/wiki/Shard_of_True_Ice,0.0,75.0,0.0,0.0,40.0,0.0,100.0,0.0,0.0,0.0,0.0,3.0,0.0,0.0,0.0,0.0,0.0,0.0,0.0,0.0,0.0,0.0,0.0
sheen,700,0.0,0.0,https://leagueoflegends.fandom.com/wiki/Sheen,0.0,0.0,0.0,0.0,0.0,0.0,0.0,0.0,0.0,0.0,0.0,0.0,0.0,0.0,0.0,0.0,0.0,0.0,0.0,0.0,0.0,0.0,0.0
shurelyas_battlesong,2500,97.47,2436.75,https://leagueoflegends.fandom.com/wiki/Shurelya's_Battlesong,20.0,200.0,0.0,0.0,40.0,0.0,100.0,0.0,0.0,0.0,0.0,0.0,0.0,0.0,0.0,0.0,0.0,0.0,0.0,0.0,0.0,0.0,0.0
shurelyas_requiem,2500,159.57,3989.25,https://leagueoflegends.fandom.com/wiki/Shurelya's_Requiem,20.0,200.0,0.0,0.0,40.0,0.0,100.0,0.0,0.0,0.0,0.0,0.0,0.0,0.0,0.0,0.0,0.0,0.0,0.0,0.0,0.0,0.0,0.0
silvermere_dawn,3000,94.33,2829.9,https://leagueoflegends.fandom.com/wiki/Silvermere_Dawn,0.0,300.0,35.0,0.0,0.0,0.0,0.0,0.0,40.0,0.0,0.0,0.0,0.0,0.0,0.0,0.0,0.0,0.0,0.0,0.0,0.0,0.0,0.0
sorcerers_shoes,1100,100.0,1100.0,https://leagueoflegends.fandom.com/wiki/Sorcerer's_Shoes,0.0,0.0,0.0,0.0,0.0,0.0,0.0,0.0,0.0,0.0,0.0,0.0,0.0,0.0,0.0,0.0,0.0,0.0,0.0,0.0,0.0,0.0,0.0
spectral_sickle,400,81.67,326.68,https://leagueoflegends.fandom.com/wiki/Spectral_Sickle,0.0,10.0,0.0,0.0,0.0,0.0,25.0,0.0,5.0,0.0,0.0,2.0,0.0,0.0,0.0,0.0,0.0,0.0,0.0,0.0,0.0,0.0,0.0
spectres_cowl,1250,89.33,1116.62,https://leagueoflegends.fandom.com/wiki/Spectre's_Cowl,0.0,250.0,25.0,0.0,0.0,0.0,0.0,0.0,0.0,0.0,0.0,0.0,0.0,0.0,0.0,0.0,0.0,0.0,0.0,0.0,0.0,0.0,0.0
spellthiefs_edge,400,112.67,450.68,https://leagueoflegends.fandom.com/wiki/Spellthief's_Edge,0.0,10.0,0.0,0.0,8.0,0.0,50.0,0.0,0.0,0.0,0.0,2.0,0.0,0.0,0.0,0.0,0.0,0.0,0.0,0.0,0.0,0.0,0.0
spirit_visage,2900,85.75,2486.75,https://leagueoflegends.fandom.com/wiki/Spirit_Visage,10.0,450.0,0.0,0.0,0.0,0.0,0.0,0.0,0.0,0.0,0.0,0.0,0.0,0.0,0.0,0.0,0.0,0.0,0.0,0.0,0.0,0.0,0.0
staff_of_flowing_water,2300,92.93,2137.39,https://leagueoflegends.fandom.com/wiki/Staff_of_Flowing_Water,0.0,0.0,0.0,0.0,50.0,0.0,100.0,10.0,0.0,0.0,0.0,0.0,0.0,0.0,0.0,0.0,0.0,0.0,0.0,0.0,0.0,0.0,0.0
starcaster,2500,159.57,3989.25,https://leagueoflegends.fandom.com/wiki/Starcaster,20.0,200.0,0.0,0.0,40.0,0.0,100.0,0.0,0.0,0.0,0.0,0.0,0.0,0.0,0.0,0.0,0.0,0.0,0.0,0.0,0.0,0.0,0.0
steel_shoulderguards,400,65.0,260.0,https://leagueoflegends.fandom.com/wiki/Steel_Shoulderguards,0.0,30.0,0.0,0.0,0.0,0.0,0.0,0.0,3.0,0.0,0.0,2.0,0.0,0.0,0.0,0.0,0.0,25.0,0.0,0.0,0.0,0.0,0.0
steraks_gage,3100,34.41,1066.71,https://leagueoflegends.fandom.com/wiki/Sterak's_Gage,0.0,400.0,0.0,0.0,0.0,0.0,0.0,0.0,0.0,0.0,0.0,0.0,0.0,0.0,0.0,0.0,0.0,0.0,0.0,0.0,0.0,0.0,0.0
stopwatch,650,0.0,0.0,https://leagueoflegends.fandom.com/wiki/Stopwatch,0.0,0.0,0.0,0.0,0.0,0.0,0.0,0.0,0.0,0.0,0.0,0.0,0.0,0.0,0.0,0.0,0.0,0.0,0.0,0.0,0.0,0.0,0.0
stormrazor,2700,95.37,2574.99,https://leagueoflegends.fandom.com/wiki/Stormrazor,0.0,0.0,0.0,0.0,0.0,0.0,0.0,0.0,40.0,15.0,0.0,0.0,0.0,0.0,20.0,0.0,0.0,0.0,0.0,0.0,0.0,0.0,0.0
stridebreaker,3300,108.59,3583.47,https://leagueoflegends.fandom.com/wiki/Stridebreaker,20.0,300.0,0.0,0.0,0.0,0.0,0.0,0.0,50.0,20.0,0.0,0.0,0.0,0.0,0.0,0.0,0.0,0.0,0.0,0.0,0.0,0.0,0.0
sunfire_aegis,3200,87.4,2796.8,https://leagueoflegends.fandom.com/wiki/Sunfire_Aegis,20.0,350.0,35.0,35.0,0.0,0.0,0.0,0.0,0.0,0.0,0.0,0.0,0.0,0.0,0.0,0.0,0.0,0.0,0.0,0.0,0.0,0.0,0.0
syzygy,3100,123.85,3839.35,https://leagueoflegends.fandom.com/wiki/Syzygy,0.0,0.0,0.0,0.0,0.0,0.0,0.0,0.0,55.0,0.0,0.0,0.0,0.0,0.0,0.0,0.0,0.0,0.0,0.0,0.0,0.0,0.0,0.0
targons_buckler,400,158.54,634.16,https://leagueoflegends.fandom.com/wiki/Targon's_Buckler,0.0,100.0,0.0,0.0,10.0,0.0,0.0,0.0,0.0,0.0,0.0,3.0,0.0,0.0,0.0,0.0,0.0,50.0,0.0,0.0,0.0,0.0,0.0
tear_of_the_goddess,400,84.0,336.0,https://leagueoflegends.fandom.com/wiki/Tear_of_the_Goddess,0.0,0.0,0.0,0.0,0.0,240.0,0.0,0.0,0.0,0.0,0.0,0.0,0.0,0.0,0.0,0.0,0.0,0.0,0.0,0.0,0.0,0.0,0.0
the_collector,3000,103.41,3102.3,https://leagueoflegends.fandom.com/wiki/The_Collector,0.0,0.0,0.0,0.0,0.0,0.0,0.0,0.0,55.0,0.0,0.0,0.0,0.0,0.0,20.0,0.0,0.0,0.0,0.0,0.0,0.0,0.0,0.0
thornmail,2700,79.01,2133.27,https://leagueoflegends.fandom.com/wiki/Thornmail,0.0,350.0,0.0,60.0,0.0,0.0,0.0,0.0,0.0,0.0,0.0,0.0,0.0,0.0,0.0,0.0,0.0,0.0,0.0,0.0,0.0,0.0,0.0
tiamat,1200,72.92,875.04,https://leagueoflegends.fandom.com/wiki/Tiamat,0.0,0.0,0.0,0.0,0.0,0.0,0.0,0.0,25.0,0.0,0.0,0.0,0.0,0.0,0.0,0.0,0.0,0.0,0.0,0.0,0.0,0.0,0.0
titanic_hydra,3300,72.22,2383.26,https://leagueoflegends.fandom.com/wiki/Titanic_Hydra,0.0,500.0,0.0,0.0,0.0,0.0,0.0,0.0,30.0,0.0,0.0,0.0,0.0,0.0,0.0,0.0,0.0,0.0,0.0,0.0,0.0,0.0,0.0
trinity_force,3333,99.26,3308.34,https://leagueoflegends.fandom.com/wiki/Trinity_Force,20.0,300.0,0.0,0.0,0.0,0.0,0.0,0.0,35.0,30.0,0.0,0.0,0.0,0.0,0.0,0.0,0.0,0.0,0.0,0.0,0.0,0.0,0.0
turbo_chemtank,2800,86.31,2416.68,https://leagueoflegends.fandom.com/wiki/Turbo_Chemtank,20.0,350.0,25.0,25.0,0.0,0.0,0.0,0.0,0.0,0.0,0.0,0.0,0.0,0.0,0.0,0.0,0.0,0.0,0.0,0.0,0.0,0.0,0.0
turbocharged_hexperiment,2800,125.71,3519.88,https://leagueoflegends.fandom.com/wiki/Turbocharged_Hexperiment,20.0,350.0,25.0,25.0,0.0,0.0,0.0,0.0,0.0,0.0,0.0,0.0,0.0,0.0,0.0,0.0,0.0,0.0,0.0,0.0,0.0,0.0,0.0
typhoon,3400,131.62,4475.08,https://leagueoflegends.fandom.com/wiki/Typhoon,0.0,0.0,0.0,0.0,0.0,0.0,0.0,0.0,60.0,20.0,0.0,0.0,0.0,0.0,20.0,0.0,0.0,0.0,0.0,0.0,0.0,0.0,0.0
umbral_glaive,2400,102.69,2464.56,https://leagueoflegends.fandom.com/wiki/Umbral_Glaive,15.0,0.0,0.0,0.0,0.0,0.0,0.0,0.0,50.0,0.0,0.0,0.0,0.0,0.0,0.0,0.0,0.0,0.0,0.0,0.0,0.0,0.0,0.0
upgraded_aeropack,3200,137.12,4387.84,https://leagueoflegends.fandom.com/wiki/Upgraded_Aeropack,15.0,250.0,0.0,0.0,90.0,0.0,0.0,0.0,0.0,0.0,0.0,0.0,0.0,6.0,0.0,0.0,0.0,0.0,0.0,0.0,0.0,0.0,0.0
vampiric_scepter,900,100.0,900.0,https://leagueoflegends.fandom.com/wiki/Vampiric_Scepter,0.0,0.0,0.0,0.0,0.0,0.0,0.0,0.0,15.0,0.0,0.0,0.0,10.0,0.0,0.0,0.0,0.0,0.0,0.0,0.0,0.0,0.0,0.0
verdant_barrier,1000,88.5,885.0,https://leagueoflegends.fandom.com/wiki/Verdant_Barrier,0.0,0.0,25.0,0.0,20.0,0.0,0.0,0.0,0.0,0.0,0.0,0.0,0.0,0.0,0.0,0.0,0.0,0.0,0.0,0.0,0.0,0.0,0.0
vespertide,3200,131.56,4209.92,https://leagueoflegends.fandom.com/wiki/Vespertide,15.0,300.0,0.0,0.0,90.0,0.0,0.0,0.0,0.0,0.0,0.0,0.0,0.0,0.0,0.0,0.0,0.0,0.0,0.0,0.0,0.0,0.0,0.0
vigilant_wardstone,1100,72.73,800.03,https://leagueoflegends.fandom.com/wiki/Vigilant_Wardstone,15.0,150.0,0.0,0.0,0.0,0.0,0.0,0.0,0.0,0.0,0.0,0.0,0.0,0.0,0.0,0.0,0.0,0.0,0.0,0.0,0.0,0.0,0.0
void_staff,2800,126.16,3532.48,https://leagueoflegends.fandom.com/wiki/Void_Staff,0.0,0.0,0.0,0.0,65.0,0.0,0.0,0.0,0.0,0.0,0.0,0.0,0.0,45.0,0.0,0.0,0.0,0.0,0.0,0.0,0.0,0.0,0.0
wardens_mail,1000,80.0,800.0,https://leagueoflegends.fandom.com/wiki/Warden's_Mail,0.0,0.0,0.0,40.0,0.0,0.0,0.0,0.0,0.0,0.0,0.0,0.0,0.0,0.0,0.0,0.0,0.0,0.0,0.0,0.0,0.0,0.0,0.0
warmogs_armor,3000,100.0,3000.0,https://leagueoflegends.fandom.com/wiki/Warmog's_Armor,10.0,800.0,0.0,0.0,0.0,0.0,0.0,0.0,0.0,0.0,0.0,0.0,0.0,0.0,0.0,0.0,0.0,0.0,0.0,0.0,0.0,0.0,0.0
watchful_wardstone,1100,60.61,666.71,https://leagueoflegends.fandom.com/wiki/Watchful_Wardstone,10.0,150.0,0.0,0.0,0.0,0.0,0.0,0.0,0.0,0.0,0.0,0.0,0.0,0.0,0.0,0.0,0.0,0.0,0.0,0.0,0.0,0.0,0.0
winged_moonplate,800,50.0,400.0,https://leagueoflegends.fandom.com/wiki/Winged_Moonplate,0.0,150.0,0.0,0.0,0.0,0.0,0.0,0.0,0.0,0.0,0.0,0.0,0.0,0.0,0.0,0.0,0.0,0.0,0.0,0.0,0.0,0.0,0.0
winters_approach,2600,83.33,2166.58,https://leagueoflegends.fandom.com/wiki/Winter's_Approach,15.0,400.0,0.0,0.0,0.0,500.0,0.0,0.0,0.0,0.0,0.0,0.0,0.0,0.0,0.0,0.0,0.0,0.0,0.0,0.0,0.0,0.0,0.0
wits_end,3100,100.65,3120.15,https://leagueoflegends.fandom.com/wiki/Wit's_End,0.0,0.0,40.0,0.0,0.0,0.0,0.0,0.0,40.0,40.0,0.0,0.0,0.0,0.0,0.0,0.0,0.0,0.0,0.0,0.0,0.0,0.0,0.0
wyrmfallen_sacrifice,3400,140.44,4774.96,https://leagueoflegends.fandom.com/wiki/Wyrmfallen_Sacrifice,0.0,0.0,0.0,0.0,0.0,0.0,0.0,0.0,65.0,25.0,0.0,0.0,0.0,0.0,20.0,0.0,0.0,0.0,0.0,0.0,0.0,0.0,0.0
youmuus_ghostblade,3000,96.37,2891.1,https://leagueoflegends.fandom.com/wiki/Youmuu's_Ghostblade,15.0,0.0,0.0,0.0,0.0,0.0,0.0,0.0,55.0,0.0,0.0,0.0,0.0,0.0,0.0,0.0,0.0,0.0,0.0,0.0,0.0,0.0,0.0
zeal,1050,100.0,1050.0,https://leagueoflegends.fandom.com/wiki/Zeal,0.0,0.0,0.0,0.0,0.0,0.0,0.0,0.0,0.0,18.0,0.0,0.0,0.0,0.0,15.0,0.0,0.0,0.0,0.0,0.0,0.0,0.0,0.0
zekes_convergence,2400,85.42,2050.08,https://leagueoflegends.fandom.com/wiki/Zeke's_Convergence,20.0,250.0,0.0,25.0,0.0,250.0,0.0,0.0,0.0,0.0,0.0,0.0,0.0,0.0,0.0,0.0,0.0,0.0,0.0,0.0,0.0,0.0,0.0
zhonyas_hourglass,2600,99.25,2580.5,https://leagueoflegends.fandom.com/wiki/Zhonya's_Hourglass,10.0,0.0,0.0,45.0,65.0,0.0,0.0,0.0,0.0,0.0,0.0,0.0,0.0,0.0,0.0,0.0,0.0,0.0,0.0,0.0,0.0,0.0,0.0
